campaign,spend,revenue,conversions,clicks,roas,conversion_rate
Flash Sale,4945382.141613839,24687901.515486475,475114,3901175,4.992111996309755,0.12178741020333618
Trending Now,3565017.5123932725,17454684.455827806,340213,2818680,4.896100620866264,0.12069940539543332
Best Sellers,5346108.257942942,26019977.138263576,510791,4237876,4.867087586489589,0.12052995415628018
New Arrivals,4189149.769612546,20189678.513492636,400647,3311466,4.819516996013245,0.12098780419306736
Exclusive Offers,3996545.967998236,18622342.827467475,374187,3136484,4.6596093167908474,0.11930142159182065
Must-Haves,4753320.7388667185,22078101.127844144,452333,3729760,4.644774114929173,0.12127670413109691
Limited Edition,4442766.617027996,19961450.96198175,421413,3486072,4.493022632670953,0.12088476657969198
