campaign,impressions,clicks,conversions,cost,revenue,profit,ctr,conversion_rate,roas
Best Sellers,13749426,4237876,510791,5346108.257942942,26019977.138263576,20673868.88032063,0.308222030505128,0.12052995415628018,4.867087586489589
Exclusive Offers,10204660,3136484,374187,3996545.967998236,18622342.827467475,14625796.85946924,0.30735801094793946,0.11930142159182065,4.6596093167908474
Flash Sale,12742064,3901175,475114,4945382.141613839,24687901.515486475,19742519.373872634,0.3061650765527469,0.12178741020333618,4.992111996309755
Limited Edition,11331874,3486072,421413,4442766.617027996,19961450.96198175,15518684.344953755,0.3076342006626618,0.12088476657969198,4.493022632670953
Must-Haves,12096678,3729760,452333,4753320.7388667185,22078101.127844144,17324780.388977423,0.3083292785010893,0.12127670413109691,4.644774114929173
New Arrivals,10717045,3311466,400647,4189149.769612546,20189678.513492636,16000528.74388009,0.30899058462477297,0.12098780419306736,4.819516996013245
Trending Now,9152163,2818680,340213,3565017.5123932725,17454684.455827806,13889666.943434533,0.307979654645574,0.12069940539543332,4.896100620866264
