metric,in_sample,leave_one_out_cv
r2,0.7507480444248227,0.314227007386813
mae,379235.9968065883,602717.9378070144
