feature,coefficient
time_index,30810.3876583414
spend_flash_sale,24.23166406274618
spend_must_haves,18.100437486160114
spend_exclusive_offers,12.225167669060228
spend_trending_now,1.4181446027036746
spend_new_arrivals,-0.8772937742851002
spend_best_sellers,-8.992367222606772
spend_limited_edition,-13.007162042787469
