feature,vif
spend_new_arrivals,9.576897938246281
spend_best_sellers,5.909520140621148
spend_flash_sale,5.191648938155249
spend_must_haves,4.384755550078698
spend_exclusive_offers,4.217315186597242
spend_limited_edition,4.204564157521454
spend_trending_now,2.4308548368568395
