campaign,current_spend,scenario_spend
best_sellers,5346108.257942942,5346108.257942942
exclusive_offers,3996545.9679982364,3996545.9679982364
flash_sale,4945382.141613838,5405186.5094085755
limited_edition,4442766.617027996,3998489.9553251965
must_haves,4753320.7388667185,4277988.664980047
new_arrivals,4189149.769612546,4189149.769612546
trending_now,3565017.5123932725,4024821.8801880083
