metric,value
r2,0.7507480444248227
mae,379235.9968065883
rmse,490639.66437154904
