campaign,current_spend,scenario_spend,roas,conversion_rate,projected_revenue_current,projected_revenue_scenario,projected_revenue_lift
Flash Sale,4945382.141613839,5405186.509408575,4.992111996309755,0.12178741020333618,24687901.515486475,26983296.415910196,2295394.9004237205
Trending Now,3565017.5123932725,4024821.8801880083,4.896100620866264,0.12069940539543332,17454684.455827806,19705932.906464633,2251248.4506368265
Best Sellers,5346108.257942942,5346108.257942942,4.867087586489589,0.12052995415628018,26019977.138263576,26019977.138263576,0.0
New Arrivals,4189149.769612546,4189149.769612546,4.819516996013245,0.12098780419306736,20189678.513492636,20189678.513492636,0.0
Exclusive Offers,3996545.967998236,3996545.967998236,4.6596093167908474,0.11930142159182065,18622342.827467475,18622342.827467475,0.0
Limited Edition,4442766.617027996,3998489.9553251965,4.493022632670953,0.12088476657969198,19961450.96198175,17965305.865783576,-1996145.096198175
Must-Haves,4753320.7388667185,4277988.664980046,4.644774114929173,0.12127670413109691,22078101.127844144,19870291.01505973,-2207810.1127844155
