channel,impressions,clicks,conversions,cost,revenue,profit,ctr,conversion_rate,cpc,cpa,roas,roi
Facebook,79993910,24621513,2974698,31238291.00545555,149014136.54036385,117775845.53490831,0.3077923431921255,0.12081702696337142,1.2687396995243774,10.501331901744496,4.770239720039088,3.7702397200390885
