year,month,month_name,cost,revenue,conversions,roas
2023,11,November,5043082.643374792,24887525.545185428,500139,4.934982689185297
2023,12,December,5442880.194957034,24498921.654573835,488240,4.501095151290066
2024,1,January,5373888.188018623,26823485.70110523,526069,4.99144841921156
2024,2,February,5274174.533764017,22631164.80835064,463017,4.290939684204852
2024,3,March,5040125.152398209,26966565.282903254,517598,5.350376125099182
2024,4,April,5064140.292942878,23206473.54824547,479635,4.582510002849803
